number_of_texts;number_of_stopwords;Sequential;Future 2C.;Future 4C.;Future 8C.;Parallel 2C.;Parallel 4C.;Parallel 8C.
200;100;0.139575004577637;0.209239959716797;0.360267162322998;0.798181056976318;0.0855119228363037;0.0590181350708008;0.056710958480835
200;2070;0.090076208114624;0.180866956710815;0.346935987472534;0.685102939605713;0.074552059173584;0.0574300289154053;0.0533280372619629
10000;100;4.43398499488831;2.43481707572937;1.71027612686157;1.90186500549316;2.59736323356628;1.33552813529968;1.21554207801819
10000;2070;6.52040982246399;2.7156879901886;1.6423180103302;2.02771902084351;3.25631093978882;1.64209580421448;1.54723000526428
5,00E+05;100;203.584163188934;108.495015144348;61.2304649353027;59.7867228984833;117.614010095596;92.5848820209503;126.501753091812
5,00E+05;2070;248.724514961243;130.760846138;87.8172390460968;84.0671060085297;148.526082992554;95.2306730747223;116.491276025772
